MarketCondition,Count,RMSE,MAE,MAPE
Downtrend,8.0,4.199160446645312,3.5068435750732405,2.169622090423534
High Volatility,262.0,9.138801204549653,6.912270437796622,5.8841356324762435
Low Volatility,6.0,14.308065408563337,13.047396335091145,7.4057602175161
Normal,345.0,8.39748840499108,6.661246170026268,4.796353785446185
Uptrend,9.0,16.89401662089614,16.316175678287763,10.13074786203918
